Date,Revenue,Gross_Profit_rolling_7d_mean,Gross_Margin_rolling_7d_mean,Revenue_rolling_28d_mean,Revenue_lag_1d,Revenue_pct_change_7d,page_views_lag_14d,cos_month,Gross_Profit_rolling_28d_mean,year,is_month_start,Revenue_rolling_7d_mean,Gross_Margin_rolling_28d_mean,Gross_Margin_lag_7d,Gross_Margin_lag_1d,Gross_Profit_lag_1d,Revenue_diff_1d,is_month_end,day_of_month,Gross_Profit_lag_7d,Revenue_lag_28d,quarter
2012-07-04,5123547.94,,,,,,,-0.8660254037844388,,2012,0,,,,,,,0,4,,,3
2012-07-05,2751773.45,1140556.7500000005,0.2226107305633994,5123547.94,5123547.94,,,-0.8660254037844388,1140556.7500000005,2012,0,5123547.94,0.2226107305633994,,0.2226107305633994,1140556.7500000005,,0,5,,,3
2012-07-06,3054029.42,870874.9850000003,0.2205427772496072,3937660.695,2751773.45,,,-0.8660254037844388,870874.9850000003,2012,0,3937660.695,0.2205427772496072,,0.2184748239358149,601193.2200000002,-2371774.49,0,6,,,3
2012-07-07,2667930.94,759382.1833333336,0.2055737498623064,3643116.936666667,3054029.42,,,-0.8660254037844388,759382.1833333336,2012,0,3643116.936666667,0.2055737498623064,,0.1756356950877048,536396.5800000001,302255.96999999974,0,7,,,3
2012-07-08,2360851.9,709457.7175000001,0.2066258528348942,3399320.4375,2667930.94,,,-0.8660254037844388,709457.7175000001,2012,0,3399320.4375,0.2066258528348942,,0.2097821617526576,559684.3199999998,-386098.48,0,8,,,3
2012-07-09,3548386.46,678011.996,0.2120828722053697,3191626.73,2360851.9,,,-0.8660254037844388,678011.996,2012,0,3191626.73,0.2120828722053697,,0.2339109496872717,552229.1099999999,-307079.04000000004,0,9,,,3
2012-07-10,5234938.62,691767.4600000001,0.2124582910968694,3251086.685,3548386.46,,,-0.8660254037844388,691767.4600000001,2012,0,3251086.685,0.2124582910968694,,0.2143353855543682,760544.7799999998,1187534.56,0,10,,,3
2012-07-11,5582884.78,763014.9342857144,0.2145948604732153,3534494.104285714,5234938.62,0.0217409266595053,,-0.8660254037844388,763014.9342857144,2012,0,3534494.104285714,0.2145948604732153,0.2226107305633994,0.2274142767312905,1190499.7800000005,1686552.16,0,11,1140556.7500000005,,3
2012-07-12,5734632.02,777874.2142857143,0.214639938307201,3790542.93875,5582884.78,1.0288315449805652,,-0.8660254037844388,823209.53125,2012,0,3600113.652857143,0.2156362873392258,0.2184748239358149,0.2229262754012989,1244571.71,347946.16000000015,0,12,601193.2200000002,,3
2012-07-13,5309511.71,874249.5757142856,0.2152116035612419,4006552.836666667,5734632.02,0.8777265151558362,,-0.8660254037844388,873499.6666666666,2012,0,4026236.305714286,0.2163963088253231,0.1756356950877048,0.2224764807141017,1275820.75,151747.2399999993,0,13,536396.5800000001,,3
2012-07-14,3820831.41,964208.4828571428,0.2214959896375933,4136848.724,5309511.71,0.9901233687855504,,-0.8660254037844388,902760.593,2012,0,4348448.061428571,0.2167193177050073,0.2097821617526576,0.2196263976221648,1166108.9300000002,-425120.3099999996,0,14,559684.3199999998,,3
2012-07-15,3948841.28,990734.5142857144,0.2193956340248171,4108119.877272727,3820831.41,0.6184121545277789,,-0.8660254037844388,888452.0427272728,2012,0,4513148.128571428,0.2147520772284815,0.2339109496872717,0.1950796724632244,745366.54,-1488680.2999999998,0,15,552229.1099999999,,3
2012-07-16,3503801.49,1025324.5314285716,0.2147173002048588,4094846.660833333,3948841.28,0.1128554695251542,,-0.8660254037844388,880610.9750000001,2012,0,4740003.754285715,0.2136196218717383,0.2143353855543682,0.2011626129475631,794359.23,128009.86999999965,0,16,760544.7799999998,,3
2012-07-17,4476729.49,1030329.8342857144,0.2165354583585161,4049381.647692308,3503801.49,-0.3306890979363574,,-0.8660254037844388,874070.2769230771,2012,0,4733634.472857143,0.2146536888531407,0.2274142767312905,0.2270624926299692,795581.9000000004,-445039.7899999996,0,17,1190499.7800000005,,3
2012-07-18,5184141.46,1005068.1285714286,0.2163949106311812,4079906.493571428,4476729.49,-0.1981332829870796,,-0.8660254037844388,884041.5314285716,2012,0,4625318.882857143,0.2154948855521982,0.2229262754012989,0.2264304426399461,1013667.8400000004,972928.0,0,18,1244571.71,,3
2012-07-19,6421487.11,986147.7842857144,0.215194765723119,4153522.158,5184141.46,-0.0959940512451572,,-0.8660254037844388,899247.3826666668,2012,0,4568355.551428571,0.2154302439183759,0.2224764807141017,0.2145252610448635,1112129.2999999998,707411.9699999997,0,19,1275820.75,,3
2012-07-20,5171470.46,1005918.5628571428,0.2148741089536364,4295269.9675,6421487.11,0.2094308216527128,,-0.8660254037844388,931432.93375,2012,0,4666477.707142857,0.2157303463814602,0.2196263976221648,0.2202318833277234,1414216.2000000002,1237345.6500000004,0,20,1166108.9300000002,,3
2012-07-21,3442157.02,976114.5471428572,0.2099484414609564,4346811.172941176,5171470.46,0.3534934952809132,,-0.8660254037844388,932965.1623529412,2012,0,4646757.528571429,0.2139313098398098,0.1950796724632244,0.1851467251734046,957480.8200000004,-1250016.6500000004,0,21,745366.54,,3
2012-07-22,3117550.57,969073.8371428574,0.210968844233676,4296552.608888889,3442157.02,-0.1283121361616235,,-0.8660254037844388,919804.962777778,2012,0,4592661.187142857,0.2132808199527238,0.2011626129475631,0.202222491872262,696081.5699999998,-1729313.44,0,22,794359.23,,3
2012-07-23,4730517.69,939293.1171428572,0.2090790626003359,4234499.87,3117550.57,-0.1102376721690361,,-0.8660254037844388,902230.7115789476,2012,0,4473905.371428572,0.2119467842454322,0.2270624926299692,0.1879341415141824,585894.19,-324606.4500000002,0,23,795581.9000000004,,3
2012-07-24,4096496.12,974997.2785714286,0.2082150041007753,4259300.761,4730517.69,0.0566905372698764,,-0.8660254037844388,909394.7275,2012,0,4649150.542857142,0.2124001491898128,0.2264304426399461,0.221014083133045,1045511.0300000004,1612967.1200000006,0,24,1013667.8400000004,,3
2012-07-25,5246688.08,951336.94,0.2054416946537733,4251548.159047619,4096496.12,-0.2098024038101768,,-0.8660254037844388,906473.3342857144,2012,0,4594831.49,0.2121438219193899,0.2145252610448635,0.207017276510932,848045.4700000002,-634021.5700000003,0,25,1112129.2999999998,,3
2012-07-26,5851965.06,950556.8557142856,0.2049276718837319,4296781.791818182,5246688.08,-0.182948125547199,,-0.8660254037844388,915573.1240909091,2012,0,4603766.721428571,0.2120885164528074,0.2202318833277234,0.2109271016545736,1106668.71,1150191.96,0,26,1414216.2000000002,,3
2012-07-27,5156699.45,930353.587142857,0.2045371811641231,4364398.455652175,5851965.06,0.1315862877422294,,-0.8660254037844388,931104.4369565218,2012,0,4522406.428571428,0.2123237308805315,0.1851467251734046,0.2174984482904618,1272793.3199999994,605276.9799999995,0,27,957480.8200000004,,3
2012-07-28,4326956.84,960327.3628571428,0.2104255332608172,4397410.997083333,5156699.45,0.4981011673895109,,-0.8660254037844388,940945.8041666668,2012,0,4520296.284285714,0.212908791670937,0.202222491872262,0.2263651898502636,1167297.25,-695265.6099999994,0,28,696081.5699999998,,3
2012-07-29,4804199.65,992786.317142857,0.2120197337042557,4394592.8308,4326956.84,0.3879347721374733,,-0.8660254037844388,940239.742,2012,0,4646696.258571428,0.2129277158031527,0.1879341415141824,0.2133818949763317,923294.25,-829742.6100000003,0,29,585894.19,,3
2012-07-30,6586130.95,1049737.6814285717,0.2144485789725384,4410346.939230769,4804199.65,0.0155758766436406,,-0.8660254037844388,941944.1265384617,2012,0,4887646.127142857,0.2126203443642685,0.221014083133045,0.2049360583921611,984553.7400000002,477242.8100000005,0,30,1045511.0300000004,,3
2012-07-31,9151622.14,1099096.3042857144,0.2130472293833379,4490931.532222223,6586130.95,0.607747391202216,,-0.8660254037844388,958576.617777778,2012,0,5152733.735714287,0.2125679107214675,0.207017276510932,0.2112046360086418,1391021.3900000006,1781931.2999999998,1,31,848045.4700000002,,3
2012-08-01,9148357.3,1264908.5171428572,0.214829693537518,4657384.768214286,9151622.14,0.7442664782923403,,-0.5000000000000004,996082.13,2012,1,5874894.595714286,0.2128152898239219,0.2109271016545736,0.2194945255901923,2008730.960000001,2565491.1900000004,0,1,1106668.71,5123547.94,3
2012-08-02,9692427.0,1369647.6971428576,0.2134275133077021,4801127.959642857,9148357.3,0.5632966373179271,,-0.5000000000000004,1021056.637857143,2012,0,6432275.912857143,0.2120474723054385,0.2174984482904618,0.2011118400458627,1839842.970000001,-3264.839999999851,0,2,1272793.3199999994,2751773.45,3
2012-08-03,9297269.95,1495666.6300000004,0.214117861074372,5049008.443571429,9692427.0,0.8795795826340044,,-0.5000000000000004,1076547.0889285714,2012,0,6980913.332857142,0.2121851886883433,0.2263651898502636,0.2223308826571507,2154925.85,544069.6999999993,0,3,1167297.25,3054029.42,3
2012-08-04,6384195.03,1640118.6642857145,0.2152531131134334,5271981.319642858,9297269.95,1.1486856222027857,,-0.5000000000000004,1135192.2642857144,2012,0,7572423.404285714,0.2142807693682001,0.2133818949763317,0.234311954123694,2178461.49,-395157.0500000008,0,4,923294.25,2667930.94,3
2012-08-05,2359224.19,1693457.6171428573,0.2137850968842569,5404705.037142857,6384195.03,0.3288779599324103,,-0.5000000000000004,1161513.0714285714,2012,0,7866314.574285715,0.2140423272117514,0.2049360583921611,0.2031057813720957,1296666.92,-2913074.919999999,0,5,984553.7400000002,2360851.9,3
2012-08-06,3630003.7,1623637.2371428572,0.2145311637898939,5404646.904642858,2359224.19,-0.641789055226726,,-0.5000000000000004,1159498.1417857143,2012,0,7517032.365714286,0.2131940263919067,0.2112046360086418,0.2101585267316201,495811.07999999984,-4024970.84,0,6,1391021.3900000006,3548386.46,3
2012-08-07,2240253.44,1525960.6085714286,0.2121939516830568,5407561.806071429,3630003.7,-0.6033486037263335,,-0.5000000000000004,1157596.0064285714,2012,0,7094728.472857143,0.2124979108814215,0.2194945255901923,0.1948441512607825,707284.9900000002,1270779.5100000002,0,7,2008730.960000001,5234938.62,3
2012-08-08,2617553.36,1304568.6999999995,0.2101064476897206,5300608.763928571,2240253.44,-0.7551195950774683,,-0.5000000000000004,1131470.5714285716,2012,0,6107390.087142857,0.2116931866280483,0.2011118400458627,0.2048819976368387,458987.5999999999,-1389750.2600000002,0,8,1839842.970000001,5582884.78,3
2012-08-09,4478691.52,1130383.5528571426,0.2152435222457081,5194704.070357143,2617553.36,-0.729938295124637,,-0.5000000000000004,1109183.9725,2012,0,5174418.095714286,0.2121983682900653,0.2223308826571507,0.2370713619377753,620546.94,377299.9199999999,0,9,2154925.85,5734632.02,3
2012-08-10,3412496.65,944968.2614285712,0.2108183576900346,5149849.052500001,4478691.52,-0.5182788556118025,,-0.5000000000000004,1094226.760357143,2012,0,4429598.741428571,0.2110868772205415,0.234311954123694,0.1913547307674362,857018.8099999996,1861138.16,0,10,2178461.49,5309511.71,3
2012-08-11,2732604.35,735647.6328571428,0.2072025857050252,5082098.514642857,3412496.65,-0.4654773806307105,,-0.5000000000000004,1078052.0517857145,2012,0,3588916.8414285714,0.2107074183850581,0.2031057813720957,0.209001550228628,713217.0899999999,-1066194.8699999996,0,11,1296666.92,3820831.41,3
2012-08-12,3388181.83,630971.83,0.2076693595833409,5043233.262500001,2732604.35,0.1582639587974045,,-0.5000000000000004,1071572.400357143,2012,0,3067261.0300000003,0.2111107586013824,0.2101585267316201,0.2063731985203054,563936.3000000003,-679892.2999999998,0,12,495811.07999999984,3948841.28,3
2012-08-13,3928170.01,664985.4728571428,0.2085906829784634,5023209.710714286,3388181.83,-0.0666175271391597,,-0.5000000000000004,1069413.3771428573,2012,0,3214254.978571429,0.2116623720853079,0.1948441512607825,0.2166077904974775,733906.5800000001,655577.48,0,13,707284.9900000002,3503801.49,3
2012-08-14,4033912.16,669459.7671428571,0.2076169143301634,5038365.729285714,3928170.01,0.7534489356704213,,-0.5000000000000004,1067378.489642857,2012,0,3256850.1657142853,0.2102682748743334,0.2048819976368387,0.1880277707226831,738605.0499999998,539988.1799999997,0,14,458987.5999999999,4476729.49,3
2012-08-15,3780293.26,714706.3357142856,0.2058192124035647,5022550.824642858,4033912.16,0.5411002586017961,,-0.5000000000000004,1058880.1232142856,2012,0,3513087.125714286,0.2090492620711442,0.2370713619377753,0.1922980841506474,775713.5800000001,105742.15000000036,0,15,620546.94,5184141.46,3
2012-08-16,5249978.18,753681.0114285714,0.2057122818607364,4972413.388928572,3780293.26,-0.1559380137884557,,-0.5000000000000004,1051067.2792857145,2012,0,3679192.825714286,0.2098277473244696,0.1913547307674362,0.2363228481379775,893369.6699999999,-253618.9000000004,0,16,857018.8099999996,6421487.11,3
2012-08-17,4089284.05,778038.6399999999,0.2063357959850013,4930573.784285715,5249978.18,0.5384566546021371,,-0.5000000000000004,1037256.7796428571,2012,0,3789376.634285714,0.2089522989783827,0.209001550228628,0.19571932963729,1027522.21,1469684.92,0,17,713217.0899999999,5171470.46,3
2012-08-18,3450015.71,797632.6457142858,0.2061858718794356,4891924.269642858,4089284.05,0.4964786431669113,,-0.5000000000000004,1033431.5764285716,2012,0,3886060.5485714287,0.2097667759896779,0.2063731985203054,0.2079520814896681,850375.1299999999,-1160694.13,0,18,563936.3000000003,3442157.02,3
2012-08-19,3904300.93,808655.8557142857,0.203250398413432,4892204.937142857,3450015.71,0.0182498706098072,,-0.5000000000000004,1031467.905,2012,0,3988547.885714286,0.2091811471463214,0.2166077904974775,0.1858248842582806,641098.77,-639268.3399999999,0,19,733906.5800000001,3117550.57,3
2012-08-20,3541027.32,832026.2771428571,0.205145653819645,4920303.164285714,3904300.93,-0.0060763866989554,,-0.5000000000000004,1042596.6671428572,2012,0,4062279.185714286,0.2106790198901351,0.1880277707226831,0.2298745783409682,897499.5300000003,454285.2200000002,0,20,738605.0499999998,4730517.69,3
2012-08-21,4147483.23,828509.6285714286,0.2070892801259018,4877821.365357143,3541027.32,-0.1221853179866961,,-0.5000000000000004,1030756.5771428572,2012,0,4006973.087142857,0.2099868438806151,0.1922980841506474,0.2016331548664809,713988.5099999998,-363273.61000000034,0,21,775713.5800000001,4096496.12,3
2012-08-22,4597682.81,829567.4871428572,0.2065920942982747,4879642.333571428,4147483.23,0.0971326679560305,,-0.5000000000000004,1028437.76,2012,0,4023197.5257142857,0.2093368619822695,0.2363228481379775,0.1888177833572578,783118.5899999999,606455.9100000001,0,22,893369.6699999999,5246688.08,3
2012-08-23,5478869.55,849831.0314285712,0.2049974084962817,4856463.573928571,4597682.81,-0.124247253538109,,-0.5000000000000004,1025885.8232142858,2012,0,4139967.461428571,0.2098451814776071,0.19571932963729,0.2251600475240265,1035214.4799999996,450199.5799999996,0,23,1027522.21,5851965.06,3
2012-08-24,4637850.57,886346.6457142857,0.2104941324510523,4843138.734285714,5478869.55,0.3398114396088479,,-0.5000000000000004,1026255.0442857144,2012,0,4172666.228571429,0.2104415368001151,0.2079520814896681,0.2341963973206844,1283131.5099999998,881186.7400000002,0,24,850375.1299999999,5156699.45,3
2012-08-25,3589566.28,908527.327142857,0.2117628611959982,4824608.417142858,4637850.57,0.3442983916151502,,-0.5000000000000004,1020481.5675,2012,0,4251032.874285714,0.2101011079734731,0.1858248842582806,0.2168331827042889,1005639.9000000004,-841018.9799999995,0,25,641098.77,4326956.84,3
2012-08-26,4280204.53,931973.7214285714,0.2172626418977799,4798273.04,3589566.28,-0.0806122928644233,,-0.5000000000000004,1016264.7560714288,2012,0,4270968.67,0.2104918741947024,0.2298745783409682,0.2243233491707527,805223.5299999998,-1048284.2900000004,0,26,897499.5300000003,4804199.65,3
2012-08-27,3038895.84,918511.2242857144,0.2112332851135192,4779558.928571428,4280204.53,0.2087465425146735,,-0.5000000000000004,1009790.0528571428,2012,0,4324669.184285714,0.2098751964253804,0.2016331548664809,0.1876690808511434,803262.0500000003,690638.2500000005,0,27,713988.5099999998,6586130.95,3
2012-08-28,9508676.62,912746.46,0.2140958381908884,4652871.960357143,3038895.84,-0.2672915907124717,,-0.5000000000000004,984169.1160714284,2012,0,4252936.115714285,0.2102489960825026,0.1888177833572578,0.2216710264080652,673635.1599999997,-1241308.6900000004,0,28,783118.5899999999,9151622.14,3
2012-08-29,9260558.32,1096418.8085714283,0.2182036321094227,4665623.906071428,9508676.62,1.0681454143201323,,-0.5000000000000004,986315.3328571428,2012,0,5018820.885714286,0.2101803466252457,0.2251600475240265,0.2175723407869979,2068825.03,6469780.779999999,0,29,1035214.4799999996,9148357.3,3
2012-08-30,10086534.1,1223425.8514285716,0.215722387522399,4669631.085357143,9260558.32,0.6902315770595415,,-0.5000000000000004,989330.3617857144,2012,0,5684945.958571428,0.2104189000312813,0.2341963973206844,0.2077913354148608,1924263.7800000005,-248118.29999999888,0,30,1283131.5099999998,9692427.0,3
2012-08-31,9104678.52,1345210.2614285715,0.2125129094849965,4683706.338928571,10086534.1,1.1748294706269502,,-0.5000000000000004,988640.952142857,2012,0,6343183.751428572,0.2100402989027712,0.2168331827042889,0.2117300510588667,2135622.38,825975.7799999993,1,31,1005639.9000000004,9297269.95,3
2012-09-01,8560208.92,1462578.6185714283,0.210206747867599,4676828.073571428,9104678.52,1.5364285849041353,,-1.8369701987210292e-16,976096.5560714283,2012,1,6981302.03,0.2088395166620145,0.2243233491707527,0.2006900513825061,1827218.4,-981855.58,0,1,805223.5299999998,6384195.03,3
2012-09-02,2587099.44,1607814.3642857138,0.2085649157004641,4754542.855357142,8560208.92,0.9999532405522684,,-1.8369701987210292e-16,994853.9428571428,2012,0,7691393.835714285,0.2091868288987542,0.1876690808511434,0.2128305240008091,1821873.75,-544469.5999999996,0,2,803262.0500000003,2359224.19,3
2012-09-03,3865505.01,1584634.3799999997,0.2171505697797949,4762681.257142857,2587099.44,-0.1486712357999081,,-1.8369701987210292e-16,1000039.3385714284,2012,0,7449521.68,0.2105300479228556,0.2216710264080652,0.2477686594064586,641002.1599999999,-5973109.48,0,3,673635.1599999997,3630003.7,3
2012-09-04,3645749.44,1602982.7757142854,0.2151254589225197,4771092.018214285,3865505.01,-0.5934760256890511,,-1.8369701987210292e-16,1003424.6578571429,2012,0,7567608.704285714,0.2109818728923684,0.2175723407869979,0.2074952504071388,802073.9299999997,1278405.5699999998,0,4,2068825.03,2240253.44,3
2012-09-05,2398185.51,1417262.15,0.214168039095646,4821288.303928571,3645749.44,-0.606314294017642,,-1.8369701987210292e-16,1014488.6953571428,2012,0,6730047.678571428,0.211195744476727,0.2077913354148608,0.2108704019988822,768780.6499999999,-219755.56999999983,0,5,1924263.7800000005,2617553.36,3
2012-09-06,2858227.37,1204054.3285714283,0.2102059281331156,4813453.737857142,2398185.51,-0.762238893338,,-1.8369701987210292e-16,1007748.0557142856,2012,0,5749708.705714285,0.2091595015031332,0.2117300510588667,0.1800565586771474,431809.0299999998,-1247563.9300000002,0,6,2135622.38,4478691.52,3
2012-09-07,3282753.8,1000439.3328571428,0.2154611725006886,4755580.018214285,2858227.37,-0.6860704786312433,,-1.8369701987210292e-16,1002508.72,2012,0,4717093.458571428,0.2112010026054347,0.2006900513825061,0.2485167616318782,710317.4100000001,460041.86000000034,0,7,1827218.4,3412496.65,3
2012-09-08,3666204.89,839796.5242857141,0.2173717074564271,4750946.345,3282753.8,-0.6165100839618293,,-1.8369701987210292e-16,1002133.7789285711,2012,0,3885389.927142857,0.211381797099865,0.2128305240008091,0.2140637960726752,702718.7399999998,424526.4299999997,0,8,1821873.75,2732604.35,3
2012-09-09,4458501.42,702700.7842857142,0.2205639248904915,4784289.221428571,3666204.89,0.4171101556111813,,-1.8369701987210292e-16,1012786.1814285712,2012,0,3186246.4942857143,0.2124104702255419,0.2477686594064586,0.23517604603926,862203.5700000003,383451.0900000003,0,9,641002.1599999999,3388181.83,3
2012-09-10,4548962.79,735275.5642857142,0.2130133000890053,4822514.921071428,4458501.42,0.1534072284128278,,-1.8369701987210292e-16,1017611.8614285712,2012,0,3453589.634285714,0.2116357022004911,0.2074952504071388,0.1949142857960557,869025.6200000001,792296.5299999998,0,10,802073.9299999997,3928170.01,3
2012-09-11,4021565.55,768073.8471428572,0.2157697757594953,4844686.091785714,4548962.79,0.2477442196356752,,-1.8369701987210292e-16,1028078.1778571428,2012,0,3551226.46,0.2130200882497013,0.2108704019988822,0.2267905801005684,1031661.91,90461.37000000013,0,11,768780.6499999999,4033912.16,3
2012-09-12,3335978.29,766419.6314285714,0.2125433135747674,4844245.141428572,4021565.55,0.6769201270005172,,-1.8369701987210292e-16,1027417.0192857144,2012,0,3604914.475714285,0.2128767697695277,0.1800565586771474,0.1882851667057869,757201.1399999997,-527397.2400000002,0,12,431809.0299999998,3780293.26,3
2012-09-13,2609609.29,799345.1471428572,0.2151821997649207,4828376.749642856,3335978.29,0.1671493755236134,,-1.8369701987210292e-16,1019164.0896428572,2012,0,3738884.872857143,0.2115269809791793,0.2485167616318782,0.1985287620082204,662287.6400000001,-685587.2599999998,0,13,710317.4100000001,5249978.18,3
2012-09-14,3729228.43,770128.7057142856,0.2073688062634379,4734077.860714286,2609609.29,-0.2050548262254695,,-1.8369701987210292e-16,1000531.2364285712,2012,0,3703368.0042857146,0.2114592551750438,0.2140637960726752,0.1938230071214989,505802.31999999983,-726369.0,0,14,702718.7399999998,4089284.05,3
2012-09-15,3605125.64,797428.3371428571,0.2110280605509857,4721218.731428572,3729228.43,0.0171904031255601,,-1.8369701987210292e-16,1002082.7017857142,2012,0,3767150.0942857135,0.2125923442677525,0.23517604603926,0.2396785760855095,893816.1600000001,1119619.14,0,15,862203.5700000003,3450015.71,3
2012-09-16,4452012.44,782197.2185714286,0.2073724140908308,4726758.371785714,3605125.64,-0.1914041736472072,,-1.8369701987210292e-16,1006171.5221428572,2012,0,3758424.4871428567,0.2134409741448916,0.1949142857960557,0.209586520818176,755585.7400000002,-124102.79000000004,0,16,869025.6200000001,3904300.93,3
2012-09-17,4811788.67,785267.7714285714,0.2081026990770016,4746319.497142857,4452012.44,-0.0213126276198886,,-1.8369701987210292e-16,1005922.235,2012,0,3757497.49,0.2123749635148303,0.2267905801005684,0.2000262806992516,890519.4900000002,846886.8000000003,0,17,1031661.91,3541027.32,3
2012-09-18,5078878.07,763561.7042857144,0.2018220259130882,4791703.831071428,4811788.67,0.1964963918094037,,-1.8369701987210292e-16,1011841.1967857142,2012,0,3795044.0442857146,0.2117032746964979,0.1882851667057869,0.1828258679531742,879719.44,359776.2299999995,0,18,757201.1399999997,4147483.23,3
2012-09-19,3680241.62,791915.4242857144,0.2018051429918703,4824967.932499999,5078878.07,0.5224553724538777,,-1.8369701987210292e-16,1018004.0035714284,2012,0,3946088.69,0.2116800319429266,0.1985287620082204,0.1881669862572621,955677.1800000002,267089.4000000004,0,19,662287.6400000001,4597682.81,3
2012-09-20,3763143.75,792434.0271428572,0.1992930426854265,4792202.175714286,3680241.62,0.4102653734804876,,-1.8369701987210292e-16,1004814.8385714286,2012,0,3995269.1657142863,0.2101008895264655,0.1938230071214989,0.1809440598631131,665917.8600000003,-1398636.4500000002,0,20,505802.31999999983,5478869.55,3
2012-09-21,3943768.14,817729.4285714288,0.1975272809050201,4730926.254285714,3763143.75,0.0090944603251348,,-1.8369701987210292e-16,983376.9321428572,2012,0,4160059.8028571433,0.2082175422885358,0.2396785760855095,0.1814626746586547,682870.1299999999,82902.12999999989,0,21,893816.1600000001,4637850.57,3
2012-09-22,3872374.03,827908.5785714287,0.1982457191777341,4706137.596071429,3943768.14,0.0939336194674202,,-1.8369701987210292e-16,981928.0146428572,2012,0,4190708.332857143,0.2092130587631864,0.209586520818176,0.2447076439945072,965070.21,180624.39000000013,0,22,755585.7400000002,3589566.28,3
2012-09-23,4118299.54,842983.0857142858,0.2000722063242338,4716237.872857143,3872374.03,-0.130196943025613,,-1.8369701987210292e-16,983923.8632142856,2012,0,4228886.6742857145,0.2091433652515051,0.2000262806992516,0.2223719308436741,861107.2899999996,-71394.11000000034,0,23,890519.4900000002,4280204.53,3
2012-09-24,5733263.53,833387.2071428571,0.2000576441491849,4710455.551785714,4118299.54,-0.1441229400459101,,-1.8369701987210292e-16,984641.2307142856,2012,0,4181213.402857143,0.2095810532737467,0.1828258679531742,0.1999243454739088,823348.3399999999,245925.51000000024,0,24,879719.44,3038895.84,3
2012-09-25,5639897.53,871641.7028571429,0.202532226492926,4806682.9692857135,5733263.53,0.1288444910432748,,-1.8369701987210292e-16,1001565.0075,2012,0,4312852.668571428,0.2088123717720073,0.1881669862572621,0.2001479443593621,1147500.91,1614963.9900000002,0,25,955677.1800000002,9508676.62,3
2012-09-26,4592282.59,897616.6642857144,0.2044638570531947,4668512.2875,5639897.53,0.5324802315561009,,-1.8369701987210292e-16,968303.4675,2012,0,4392998.305714286,0.2082450881788696,0.1809440598631131,0.201688400179143,1137501.91,-93366.0,0,26,665917.8600000003,9260558.32,3
2012-09-27,7556892.66,934180.62,0.2072921826919115,4501788.154285714,4592282.59,0.2203314290079936,,-1.8369701987210292e-16,932503.5307142856,2012,0,4523289.872857143,0.2079933383188435,0.1814626746586547,0.2007423393341305,921865.5499999998,-1047614.9400000004,0,27,682870.1299999999,10086534.1,3
2012-09-28,4892631.14,1056596.9628571428,0.2104773651923457,4411443.817142857,7556892.66,0.9161604819902014,,-1.8369701987210292e-16,911223.6075,2012,0,5065254.002857142,0.2077086562153731,0.2447076439945072,0.2037589521616944,1539784.5300000005,2964610.0700000003,0,28,965070.21,9104678.52,3
2012-09-29,5304374.46,1062735.5357142857,0.2049523211066872,4261013.553571428,4892631.14,0.2634707035260227,,-1.8369701987210292e-16,881967.2439285715,2012,0,5200805.86,0.2078994520729585,0.2223719308436741,0.2060323353948975,1008040.2199999996,-2664261.5200000005,0,29,861107.2899999996,8560208.92,3
2012-09-30,4694379.86,1101756.47,0.2037325688079113,4144733.751428572,5304374.46,0.2880011297089866,,-1.8369701987210292e-16,857409.3896428571,2012,0,5405377.350000001,0.2079352785283668,0.1999243454739088,0.213833664752243,1134253.83,411743.3200000003,1,30,823348.3399999999,2587099.44,3
2012-10-01,4752532.1,1110084.1842857143,0.2020016698359284,4219993.766428572,4694379.86,-0.1812028462609322,,0.5000000000000001,866003.6817857142,2012,1,5487674.538571429,0.2057938282877801,0.2001479443593621,0.1878080526700283,881642.3400000003,-609994.5999999996,0,1,1147500.91,3865505.01,4
2012-10-02,3233135.78,1087310.4914285713,0.2031101174383915,4251673.305357142,4752532.1,-0.1573371546699006,,0.5000000000000001,872646.9364285714,2012,0,5347570.048571429,0.2058085364009752,0.201688400179143,0.2079070775766038,988085.0599999996,58152.23999999929,0,2,1137501.91,3645749.44,4
2012-10-03,3515132.03,1020042.3842857142,0.2037525356424942,4236937.103214285,3233135.78,-0.2959632347015474,,0.5000000000000001,868998.5260714286,2012,0,5003746.941428571,0.2056412123155817,0.2007423393341305,0.2061853276078618,666625.1599999997,-1519396.3199999998,0,3,921865.5499999998,2398185.51,4
2012-10-04,2398137.74,995819.9342857142,0.2056493379260069,4276828.050357142,3515132.03,-0.534844255681144,,0.5000000000000001,880444.9321428572,2012,0,4849868.29,0.2068541907670664,0.2037589521616944,0.2140199553187195,752308.3999999999,281996.25,0,4,1539784.5300000005,2858227.37,4
2012-10-05,2665953.06,846666.7157142857,0.2060704960867307,4260396.277857143,2398137.74,-0.5098470186330049,,0.5000000000000001,872780.4532142858,2012,0,4112903.3014285713,0.2053609871118837,0.2060323353948975,0.2067070592867614,495712.0000000002,-1116994.2899999996,0,5,1008040.2199999996,3282753.8,4
2012-10-06,2205266.94,788525.8085714286,0.2088452387038112,4238367.68,2665953.06,-0.4974048155717875,,0.5000000000000001,869149.5650000001,2012,0,3794806.4328571423,0.2057678348848046,0.213833664752243,0.2254555337144608,601053.8700000001,267815.31999999983,0,6,1134253.83,3666204.89,4
2012-10-07,3389598.07,690812.7671428571,0.2074655695418441,4186191.3246428566,2205266.94,-0.5302325321411038,,0.5000000000000001,854437.385357143,2012,0,3352076.787142857,0.204660689691205,0.1878080526700283,0.2041759806184733,450262.54,-460686.1200000001,0,7,881642.3400000003,4458501.42,4
2012-10-08,4037039.45,659739.3357142856,0.2086260319148616,4148016.205,3389598.07,-0.2867806048064357,,0.5000000000000001,847119.6246428572,2012,0,3165679.3885714286,0.2046970112442441,0.2079070775766038,0.1959312892811506,664128.3199999998,1184331.13,0,8,988085.0599999996,4548962.79,4
2012-10-09,4298675.76,625948.1,0.2055197009655121,4129733.228571429,4037039.45,0.2486451929958847,,0.5000000000000001,837115.4996428572,2012,0,3063466.152857143,0.2032460177024794,0.2061853276078618,0.1861627609311571,751546.4100000001,647441.3800000004,0,9,666625.1599999997,4021565.55,4
2012-10-10,3548716.67,648712.3814285714,0.2035141418044749,4139630.021785714,4298675.76,0.2229059174201203,,0.5000000000000001,839571.7135714286,2012,0,3215686.1499999994,0.2033839193730085,0.2140199553187195,0.1921464134806017,825975.1299999999,261636.3099999996,0,10,752308.3999999999,3335978.29,4
2012-10-11,3421490.39,642598.9071428572,0.2015020621953374,4147227.821071428,3548716.67,0.4797801689239083,,0.5000000000000001,841258.372142857,2012,0,3220483.955714286,0.2034341563746706,0.2067070592867614,0.1999353980547565,709514.0800000001,-749959.0899999999,0,11,495712.0000000002,2609609.29,4
2012-10-12,2380119.87,665513.7971428571,0.1993672370140466,4176223.574642857,3421490.39,0.2834023379241344,,0.5000000000000001,846626.7260714285,2012,0,3366677.1914285715,0.2033605947995358,0.2254555337144608,0.191763283017726,656116.23,-127226.2799999998,0,12,601053.8700000001,3729228.43,4
2012-10-13,2798011.44,658109.2042857142,0.2001241331305408,4128041.126071429,2380119.87,0.079288782155325,,0.5000000000000001,834319.7817857143,2012,0,3325843.878571429,0.2030418530296933,0.2041759806184733,0.2307538065299207,549221.7200000002,-1041370.52,0,13,450262.54,3605125.64,4
2012-10-14,3055629.78,671133.4542857142,0.1985998649042411,4099215.618928571,2798011.44,-0.1745300232602504,,0.5000000000000001,826671.4442857143,2012,0,3410521.6642857143,0.2024675523945576,0.1959312892811506,0.193506103034375,541432.29,417891.56999999983,0,14,664128.3199999998,4452012.44,4
2012-10-15,3234517.3,653206.9028571428,0.1957923528370617,4049344.8096428574,3055629.78,-0.2431013325866806,,0.5000000000000001,814104.4075,2012,0,3362811.9085714286,0.2016194246842591,0.1861627609311571,0.176278704810895,538642.46,257618.33999999985,0,15,751546.4100000001,4811788.67,4
2012-10-16,3549298.21,631801.0585714286,0.1957728678873912,3993013.689285714,3234517.3,-0.247554949340957,,0.5000000000000001,804175.3382142858,2012,0,3248165.887142857,0.2017337281960552,0.1921464134806017,0.1860263662834637,601705.5,178887.52000000002,0,16,825975.1299999999,5078878.07,4
2012-10-17,3818048.0,626086.4628571429,0.1999583246180606,3938385.8371428577,3549298.21,0.0001638733249448,,0.5000000000000001,798114.4732142857,2012,0,3141111.951428572,0.2029222147795561,0.1999353980547565,0.2214446105952872,785972.96,314780.91000000015,0,17,709514.0800000001,3680241.62,4
2012-10-18,2909728.89,626065.2014285715,0.1979379318237708,3943307.493571429,3818048.0,0.1159020090072501,,0.5000000000000001,799666.1657142856,2012,0,3179587.8557142853,0.2030953786592566,0.191763283017726,0.1857926484947282,709365.25,268749.79000000004,0,18,656116.23,3763143.75,4
2012-10-19,2877379.81,619255.99,0.2004159528387938,3912828.391428572,2909728.89,0.2225135913007608,,0.5000000000000001,797008.3664285714,2012,0,3106479.07,0.2040827627829792,0.2307538065299207,0.2091094301228868,608451.75,-908319.11,0,19,549221.7200000002,3943768.14,4
2012-10-20,3242557.3,615840.1871428572,0.1935319495766216,3874743.0939285713,2877379.81,0.0283659919560586,,0.5000000000000001,781302.6839285714,2012,0,3177516.2042857143,0.2018634106294152,0.193506103034375,0.182565783694715,525311.1000000001,-32349.080000000075,0,20,541432.29,3872374.03,4
2012-10-21,2395609.91,623524.9442857142,0.1921120369227301,3852249.6392857134,3242557.3,0.0611747932368953,,0.5000000000000001,771806.9089285714,2012,0,3241022.7557142857,0.2004775100441817,0.176278704810895,0.1835667144571353,595225.5899999999,365177.48999999976,0,21,538642.46,4118299.54,4
2012-10-22,3596158.34,614485.0842857143,0.1952766606557113,3790725.009642857,2395609.91,-0.259360922261878,,0.5000000000000001,759378.8767857143,2012,0,3146734.202857143,0.2004241788108907,0.1860263662834637,0.1984310709417628,475363.4400000002,-846947.3899999997,0,22,601705.5,5733263.53,4
2012-10-23,3999141.88,631790.3214285715,0.1974163205903032,3714399.824285715,3596158.34,0.0132026466155966,,0.5000000000000001,744212.4928571429,2012,0,3198397.208571428,0.2004547517203995,0.2214446105952872,0.2010039858256073,722842.1599999997,1200548.4299999997,0,23,785972.96,5639897.53,4
2012-10-24,3829179.99,640548.9857142856,0.1960479982465428,3655801.408214286,3999141.88,0.0474310118678444,,0.5000000000000001,733847.5535714285,2012,0,3262660.5900000003,0.2008182500778931,0.1857926484947282,0.2118663541889641,847283.6099999999,402983.54,0,24,709365.25,4592282.59,4
2012-10-25,3104460.52,652258.0471428571,0.1990286881929741,3628547.743928571,3829179.99,0.3159920166995352,,0.5000000000000001,729185.5225,2012,0,3264250.8742857142,0.2010295050345223,0.2091094301228868,0.2066574781197475,791328.6800000002,-169961.88999999966,0,25,608451.75,7556892.66,4
2012-10-26,2138927.17,647612.6285714285,0.1956585075078242,3469532.310357143,3104460.52,0.0789192685688581,,0.5000000000000001,694762.282857143,2012,0,3292069.6785714286,0.2003780483618488,0.182565783694715,0.1855181653268374,575933.8199999998,-724719.4700000002,0,26,525311.1000000001,4892631.14,4
2012-10-27,2816872.34,639303.9071428571,0.2007782393607279,3371185.74,2138927.17,-0.3403579421711376,,0.5000000000000001,675444.7767857142,2012,0,3186576.444285714,0.2008198901929254,0.1835667144571353,0.2184039066650407,467150.0499999998,-965533.35,0,27,595225.5899999999,5304374.46,4
2012-10-28,6259883.83,628557.8628571427,0.2009262900632019,3282346.3785714284,2816872.34,0.1758476737976091,,0.5000000000000001,653507.2571428571,2012,0,3125764.307142857,0.1997759403580044,0.1984310709417628,0.1846030693744537,520003.2799999998,677945.1699999999,0,28,475363.4400000002,4694379.86,4
2012-10-29,5424539.1,734325.5114285713,0.2003233926960629,3338257.2346428568,6259883.83,0.7407141839032595,,0.5000000000000001,665439.2085714285,2012,0,3677803.438571429,0.2000046095259244,0.2010039858256073,0.1942107893717894,1215736.9800000004,3443011.49,0,29,722842.1599999997,4752532.1,4
2012-10-30,6347274.89,792504.9728571428,0.2013700756860952,3362257.484642857,5424539.1,0.3564257690202279,,0.5000000000000001,670511.1132142858,2012,0,3939000.69,0.2000197412823254,0.2118663541889641,0.2083307667558336,1130098.3899999997,-835344.7300000004,0,30,847283.6099999999,3233135.78,4
2012-10-31,4942677.89,856805.4828571427,0.200303548018695,3473476.7385714287,6347274.89,0.6576068261549647,,0.5000000000000001,693038.3282142858,2012,0,4274448.262857142,0.1999560031719433,0.2066574781197475,0.2044006605171624,1297387.1799999997,922735.79,1,31,791328.6800000002,3515132.03,4
2012-11-01,5536748.35,896773.6728571428,0.2017389949334375,3524460.5192857147,4942677.89,0.5921213551138991,,0.8660254037844384,704423.957142857,2012,1,4433519.391428571,0.2000519192863799,0.1855181653268374,0.2167056065229449,1071106.0099999998,-1404597.0,0,1,575933.8199999998,2398137.74,4
2012-11-02,1936831.08,971039.2714285712,0.2035096477708458,3636553.755357143,5536748.35,1.5885632889501329,,0.8660254037844384,725855.4217857142,2012,0,4780989.081428572,0.1997378362828776,0.2184039066650407,0.197912735188696,1095793.0099999998,594070.46,0,2,467150.0499999998,2665953.06,4
2012-11-03,2911848.61,959881.3985714284,0.2010043378806698,3610513.6846428574,1936831.08,-0.3124178712337385,,0.8660254037844384,718283.6742857142,2012,0,4752118.211428571,0.19885966498714,0.1846030693744537,0.2008667374338087,389044.9400000002,-3599917.27,0,3,520003.2799999998,2205266.94,4
2012-11-04,2658832.75,994171.3071428572,0.2119201550342793,3635748.7442857134,2911848.61,-0.534839832642709,,0.8660254037844384,729346.8921428571,2012,0,4765686.249999999,0.2008895867311131,0.1942107893717894,0.2610137894497199,760032.6399999997,975017.5299999998,0,4,1215736.9800000004,3389598.07,4
2012-11-05,3332448.46,895841.8885714284,0.212514241873698,3609649.982857143,2658832.75,-0.50985093830368,,0.8660254037844384,724464.8467857142,2012,0,4251250.381428571,0.2009766620156335,0.2083307667558336,0.1983693972477207,527431.0499999998,-253015.85999999987,0,5,1130098.3899999997,4037039.45,4
2012-11-06,3439495.01,820064.3285714284,0.2084590479661231,3584486.018928572,3332448.46,-0.4749796538274711,,0.8660254037844384,719040.1703571427,2012,0,3952380.29,0.2007545780324782,0.2044006605171624,0.1799444094028088,599655.4699999997,673615.71,0,6,1297387.1799999997,4298675.76,4
2012-11-07,1969815.91,724740.4214285713,0.2054305626100922,3553800.992142857,3439495.01,-0.3041231723882375,,0.8660254037844384,712045.3382142857,2012,0,3536983.1642857147,0.2004351083733477,0.2167056065229449,0.1832012630249461,630119.8299999996,107046.5499999998,0,7,1071106.0099999998,3548716.67,4
2012-11-08,2197716.17,633391.107142857,0.2057779959819536,3497411.679285714,1969815.91,-0.6442287448372112,,0.8660254037844384,702122.0071428571,2012,0,3112288.595714286,0.201120902733034,0.197912735188696,0.2191376401259749,431660.8099999998,-1469679.1,0,8,1095793.0099999998,3421490.39,4
2012-11-09,2920310.06,544606.877142857,0.2083356759020704,3453705.457142857,2197716.17,0.1346968729973084,,0.8660254037844384,695628.6917857142,2012,0,2635283.9985714285,0.2019799460048836,0.2008667374338087,0.2158164946295134,474303.3999999999,227900.26,0,9,389044.9400000002,2380119.87,4
2012-11-10,3124993.27,576370.6657142855,0.2095487714512792,3472997.9639285714,2920310.06,0.002905868791029,,0.8660254037844384,697849.039642857,2012,0,2775780.9957142854,0.2012158245673246,0.2610137894497199,0.2093584062782703,611391.46,722593.8900000001,0,10,760032.6399999997,2798011.44,4
2012-11-11,3484874.3,560595.1485714285,0.201957334969444,3484675.886428572,3124993.27,0.1753252512780279,,0.8660254037844384,701712.3157142856,2012,0,2806230.2328571426,0.2017289542474138,0.1983693972477207,0.2078737340768737,649604.02,204683.21,0,11,527431.0499999998,3055629.78,4
2012-11-12,3806978.06,595411.7299999997,0.2052308576584188,3500006.047857143,3484874.3,0.045739894203795,,0.8660254037844384,710016.0535714284,2012,0,2924236.1685714284,0.2033362882209728,0.1799444094028088,0.2212840560705445,771147.1199999996,359881.0299999998,0,12,599655.4699999997,3234517.3,4
2012-11-13,3848498.06,613981.1728571428,0.206904369174864,3520451.075,3806978.06,0.106842152389109,,0.8660254037844384,714585.1989285713,2012,0,2992026.111428571,0.2035374533543464,0.1832012630249461,0.191658990017925,729641.5699999998,322103.76000000024,0,13,630119.8299999996,3549298.21,4
2012-11-14,3213518.64,638212.9314285713,0.2104193743677115,3531136.783928571,3848498.06,0.9537348847994634,,0.8660254037844384,715076.9553571428,2012,0,3050455.118571428,0.2030503708107603,0.2191376401259749,0.2078062993748787,799742.1400000001,41520.0,0,14,431660.8099999998,3818048.0,4
2012-11-15,2996358.37,671310.0614285714,0.2086028443603943,3509546.4496428566,3213518.64,0.4622082159044224,,0.8660254037844384,713433.2221428572,2012,0,3228126.937142857,0.2037871308671899,0.2158164946295134,0.2064219300747545,663340.7200000002,-634979.4199999999,0,15,474303.3999999999,2909728.89,4
2012-11-16,2851503.98,705578.1628571429,0.2118218256129509,3512640.3596428568,2996358.37,0.0260411766002682,,0.8660254037844384,717209.235,2012,0,3342218.68,0.2048314141984228,0.2093584062782703,0.2383493633974097,714180.1100000003,-217160.27,0,16,611391.46,2877379.81,4
2012-11-17,3258479.4,703318.7857142857,0.211751160710758,3511716.222857144,2851503.98,-0.0875167612760971,,0.8660254037844384,719718.6892857142,2012,0,3332389.24,0.2057706273508587,0.2078737340768737,0.2088637519629202,595575.8199999998,-144854.39000000013,0,17,649604.02,3242557.3,4
2012-11-18,3292697.97,718895.3300000001,0.2153149417496521,3512284.869285714,3258479.4,-0.0649650117939691,,0.8660254037844384,725554.9121428571,2012,0,3351458.687142857,0.2075296804541444,0.2212840560705445,0.2328202013491324,758639.8300000001,406975.4199999999,0,18,771147.1199999996,2395609.91,4
2012-11-19,4654711.93,702974.4928571429,0.2123247624045512,3544323.7285714285,3292697.97,-0.1350887979638106,,0.8660254037844384,732138.4057142856,2012,0,3324004.9257142856,0.2075983136581828,0.191658990017925,0.2003528006548381,659701.2600000002,34218.5700000003,0,19,729641.5699999998,3596158.34,4
2012-11-20,3532139.01,733023.8971428573,0.2137939345771094,3582129.2139285714,4654711.93,0.2094879242319274,,0.8660254037844384,739893.5928571428,2012,0,3445109.7642857144,0.2076318568510479,0.2078062993748787,0.2019431952258321,939987.4,1362013.9599999995,0,20,799742.1400000001,3999141.88,4
2012-11-21,3144567.59,717482.7771428572,0.2120529241248885,3565450.54,3532139.01,0.0991499990178988,,0.8660254037844384,734310.4032142855,2012,0,3399915.614285714,0.2070516022803468,0.2064219300747545,0.195619226209333,690954.2999999998,-1122572.92,0,21,663340.7200000002,3829179.99,4
2012-11-22,2661394.83,719797.6414285714,0.2134356742600956,3541000.097142857,3144567.59,0.0494631154550447,,0.8660254037844384,730318.1207142855,2012,0,3390065.464285714,0.2073888773839702,0.2383493633974097,0.2161011810212036,679544.77,-387571.4199999999,0,22,714180.1100000003,3104460.52,4
2012-11-23,3625609.77,700467.3514285714,0.2104579830748815,3525176.3225,2661394.83,-0.0666697824493304,,0.8660254037844384,730422.9157142856,2012,0,3342213.5300000003,0.2085312830901871,0.2088637519629202,0.2175055251009111,578868.0800000001,-483172.7599999998,0,23,595575.8199999998,2138927.17,4
2012-11-24,2283866.51,721947.467142857,0.2100118776339508,3578272.1296428577,3625609.77,0.112669231544014,,0.8660254037844384,740379.5792857142,2012,0,3452800.071428572,0.2080790369191645,0.2328202013491324,0.2057410138764051,745936.6299999999,964214.94,0,24,758639.8300000001,2816872.34,4
2012-11-25,2891169.43,688488.6528571427,0.2095551252249006,3559236.207142857,2283866.51,-0.3063844510463862,,0.8660254037844384,740537.609642857,2012,0,3313569.6585714286,0.209686889244569,0.2003528006548381,0.2296229344857812,524428.1299999999,-1341743.2600000002,0,25,659701.2600000002,6259883.83,4
2012-11-26,3626699.25,680406.15,0.2107345712246584,3438924.978571429,2891169.43,-0.3788725331494358,,0.8660254037844384,718658.5653571428,2012,0,3256208.4385714284,0.2102011082903316,0.2019431952258321,0.2086089226531425,603123.7400000002,607302.9200000004,0,26,939987.4,5424539.1,4
2012-11-27,4703189.22,643816.1757142857,0.2088229685987355,3374716.4125,3626699.25,0.0267713812316804,,0.8660254037844384,702721.3935714284,2012,0,3109349.4842857146,0.209495080079208,0.195619226209333,0.1885619768443716,683857.5800000001,735529.8199999998,0,27,690954.2999999998,6347274.89,4
2012-11-28,3980270.66,681127.2699999999,0.2097979217503127,3315999.067142857,4703189.22,0.4956553120233615,,0.8660254037844384,690390.8499999999,2012,0,3276642.371428572,0.2094251957132513,0.2161011810212036,0.202443898270374,952131.96,1076489.9699999995,0,28,679544.77,4942677.89,4
2012-11-29,3116036.61,703654.1828571429,0.2089757224446847,3281627.3803571425,3980270.66,0.4955581243088234,,0.8660254037844384,682038.2482142857,2012,0,3396028.5242857146,0.2091980592617821,0.2175055251009111,0.2103457858818073,837233.1600000001,-722918.5599999996,0,29,578868.0800000001,5536748.35,4
2012-11-30,3184691.98,699686.7914285715,0.2031689486050651,3195173.389642857,3116036.61,-0.1405482642441136,,0.8660254037844384,662584.7957142856,2012,0,3460977.35,0.208446108298742,0.2057410138764051,0.1768581082235744,551096.3399999999,-864234.0500000003,1,30,745936.6299999999,1936831.08,4
2012-12-01,3064822.76,695703.0642857143,0.2059872872407866,3239739.8503571427,3184691.98,0.3944300010774274,,1.0,674334.9957142855,2012,1,3397989.0942857144,0.2093247742591936,0.2296229344857812,0.2254693843264553,718050.54,68655.37000000011,0,1,524428.1299999999,2911848.61,4
2012-12-02,1765509.34,710617.8200000001,0.2024950239636385,3245203.2128571426,3064822.76,0.0600633529803196,,1.0,669649.2378571428,2012,0,3509554.272857143,0.2073306064769088,0.2086089226531425,0.205177091545744,628831.4199999999,-119869.2200000002,0,2,603123.7400000002,2658832.75,4
2012-12-03,2315389.05,667414.0157142858,0.1970248185415055,3213298.805357143,1765509.34,-0.5131911365410297,,1.0,661551.5971428572,2012,0,3348745.688571428,0.2063287524572835,0.1885619768443716,0.1703174846982118,300697.1100000001,-1299313.4199999997,0,3,683857.5800000001,3332448.46,4
2012-12-04,2382954.42,642328.5614285714,0.2014464798705279,3176975.2549999994,2315389.05,-0.507698087044008,,1.0,658287.4517857142,2012,0,3161415.66,0.2077419380553092,0.202443898270374,0.2195136061475284,508259.3999999999,549879.7099999997,0,4,952131.96,3439495.01,4
2012-12-05,2286277.45,580347.7671428572,0.2035957816852164,3139241.6625,2382954.42,-0.4013084477023982,,1.0,654292.6864285714,2012,0,2829953.5457142857,0.2089665004820323,0.2103457858818073,0.2174890109731934,518266.3999999999,67565.37000000011,0,5,837233.1600000001,1969815.91,4
2012-12-06,2733678.5,523069.4242857144,0.2008074644977474,3150543.860357143,2286277.45,-0.266286717343799,,1.0,654457.8275,2012,0,2587954.5157142854,0.2079554263907305,0.1768581082235744,0.1908275655695244,436284.7600000002,-96676.96999999974,0,6,551096.3399999999,2197716.17,4
2012-12-07,2065198.04,522778.57571428566,0.2042349336960948,3169685.3721428574,2733678.5,-0.1416191841573325,,1.0,657127.720357143,2012,0,2533331.9285714286,0.2074209227472481,0.2254693843264553,0.2008503926120061,549060.3999999999,447401.0499999998,0,7,718050.54,2920310.06,4
2012-12-08,2087384.34,481895.8300000001,0.2018991071667692,3139145.6571428576,2065198.04,-0.326160694525774,,1.0,650716.2867857143,2012,0,2373404.222857143,0.2074123581880662,0.205177091545744,0.2091185986211763,431871.32000000007,-668480.46,0,8,628831.4199999999,3124993.27,4
2012-12-09,2430122.78,444636.26000000007,0.1977743949499112,3102088.195357143,2087384.34,0.1823128276398696,,1.0,640659.5157142858,2012,0,2233770.1628571427,0.2062848714720256,0.1703174846982118,0.1763041060277381,368014.43000000017,22186.300000000047,0,9,300697.1100000001,3484874.3,4
2012-12-10,2542389.69,479736.0671428571,0.2055637345135086,3064418.4982142854,2430122.78,0.0495526788467795,,1.0,632632.6814285713,2012,0,2328714.94,0.2064119716710559,0.2195136061475284,0.2248428616433939,546395.7599999998,342738.4399999997,0,10,508259.3999999999,3806978.06,4
2012-12-11,3699430.17,482401.4542857143,0.2038121754976063,3019254.6278571426,2542389.69,0.0669065545953665,,1.0,625392.5221428572,2012,0,2361143.602857143,0.2069688896359947,0.2174890109731934,0.2072526930362118,526917.1099999999,112266.91000000016,0,11,518266.3999999999,3848498.06,4
2012-12-12,4386420.92,508127.2557142857,0.1997096749982738,3013930.7746428573,3699430.17,0.6181020243190517,,1.0,621771.2675000001,2012,0,2549211.567142857,0.2062890756396729,0.1908275655695244,0.1887715074778664,698347.0099999998,1157040.48,0,12,436284.7600000002,3213518.64,4
2012-12-13,2326824.81,565972.1514285713,0.1998447999456915,3055820.1417857143,4386420.92,0.6045855136220297,,1.0,628123.35,2012,0,2849232.062857143,0.2057659152870548,0.2008503926120061,0.1917734402014478,841199.0299999998,686990.75,0,13,549060.3999999999,2996358.37,4
2012-12-14,2659317.57,557203.5185714285,0.2010933618292349,3031908.228928571,2326824.81,0.126683623038883,,1.0,620034.0592857143,2012,0,2791110.1071428573,0.2047388068013191,0.2091185986211763,0.2095903257968097,487679.97,-2059596.11,0,14,431871.32000000007,2851503.98,4
2012-12-15,3385542.75,575187.8685714285,0.201181945590698,3025044.4285714286,2659317.57,0.2739951713923463,,1.0,618683.5575,2012,0,2875984.325714286,0.2047700544080511,0.1763041060277381,0.2097386849514178,557761.77,332492.7599999998,0,15,368014.43000000017,3258479.4,4
2012-12-16,3484853.43,621540.8742857141,0.2052159213644942,3029582.4053571434,3385542.75,0.3931570774378734,,1.0,616320.9017857143,2012,0,3061435.5271428567,0.2037601163757361,0.2248428616433939,0.2045419364443116,692485.4700000002,726225.1800000002,0,16,546395.7599999998,3292697.97,4
2012-12-17,4281691.85,654661.7299999999,0.2049985452368151,3036445.1003571427,3484853.43,0.3706999535543271,,1.0,620554.4907142858,2012,0,3212111.334285714,0.2045804173791219,0.2072526930362118,0.2233212287496407,778241.75,99310.68000000015,0,17,526917.1099999999,4654711.93,4
2012-12-18,4394537.67,700523.0342857142,0.2036824457654044,3023122.954642857,4281691.85,0.1573922613060161,,1.0,617267.3064285713,2012,0,3460583.071428572,0.2044410174330685,0.1887715074778664,0.1980399967363368,847946.2399999998,796838.4199999995,0,18,698347.0099999998,3532139.01,4
2012-12-19,3785472.73,732305.9514285714,0.2066492434524791,3053922.9067857144,4394537.67,0.0018504266115892,,1.0,625477.0610714285,2012,0,3559884.1428571427,0.2049381554715705,0.1917734402014478,0.2095390912873889,920827.4299999996,112845.8200000003,0,19,841199.0299999998,3144567.59,4
2012-12-20,3905985.95,723718.8328571429,0.2087299827007931,3076812.3760714284,3785472.73,0.6268834309017016,,1.0,629103.6478571428,2012,0,3474034.4014285714,0.2045894923972292,0.2095903257968097,0.2063386149396459,781089.2000000002,-609064.94,0,20,487679.97,2661394.83,4
2012-12-21,3966203.09,764550.1628571429,0.2070783935612987,3121262.058928572,3905985.95,0.468792593281742,,1.0,636054.7621428572,2012,0,3699628.850000001,0.2038939094229234,0.2097386849514178,0.1980292018203496,773499.2800000003,120513.2200000002,0,21,557761.77,3625609.77,4
2012-12-22,3225123.87,797978.2985714285,0.2056337769401431,3133426.1060714284,3966203.09,0.1715117435749407,,1.0,637691.2653571429,2012,0,3886326.781428572,0.2036755292345992,0.2045419364443116,0.1996263686033283,791758.7199999997,60217.13999999967,0,22,692485.4700000002,2283866.51,4
2012-12-23,2151580.15,794138.5642857142,0.2058966349882424,3167042.4403571426,3225123.87,-0.074530985367726,,1.0,642733.3796428571,2012,0,3863409.7985714287,0.2028454938165716,0.2233212287496407,0.206381942781007,665607.3300000001,-741079.2199999997,0,23,778241.75,2891169.43,4
2012-12-24,3297376.6,737361.1114285713,0.1992773176293678,3140628.5375,2151580.15,-0.4974929945040299,,1.0,634793.2310714286,2012,0,3672942.187142858,0.2017161039802993,0.1980399967363368,0.1769860072375179,380799.57999999984,-1073543.7200000002,0,24,847946.2399999998,3626699.25,4
2012-12-25,4917024.98,715974.1871428571,0.2012366812769729,3128867.014285714,3297376.6,-0.2496647320809062,,1.0,635306.8092857143,2012,0,3532325.722857143,0.2025444456026279,0.2095390912873889,0.2117555422695727,698237.77,1145796.4500000002,0,25,920827.4299999996,4703189.22,4
2012-12-26,3285221.25,735938.5671428572,0.2021161080493034,3136504.0057142857,4917024.98,0.2989196675576105,,1.0,639179.8853571428,2012,0,3606966.767142858,0.2030177020463182,0.2063386149396459,0.2156950786937023,1060578.0900000003,1619648.3800000004,0,26,781089.2000000002,3980270.66,4
2012-12-27,4994041.71,713866.9385714286,0.1998861994202839,3111680.8125,3285221.25,-0.1589265061232491,,1.0,631656.8367857143,2012,0,3535502.27,0.202317111641129,0.1980292018203496,0.1907292545365094,626587.7999999998,-1631803.7300000004,0,27,773499.2800000003,3116036.61,4
2012-12-28,8573663.31,756176.61,0.2021946899603944,3178752.423214286,4994041.71,0.2591492661057858,,1.0,650177.2167857141,2012,0,3690938.807142857,0.2036503447617557,0.1996263686033283,0.2141886356011231,1069666.98,1708820.46,0,28,791758.7199999997,3184691.98,4
2012-12-29,7842913.37,913257.7685714286,0.2051905348484982,3371215.685,8573663.31,1.658398143944778,,1.0,692079.9414285714,2012,0,4349147.41,0.2034763411365271,0.206381942781007,0.2205972828200551,1891326.83,3579621.600000001,0,29,665607.3300000001,3064822.76,4
2012-12-30,6511908.92,1044164.3642857142,0.204522375734054,3541861.778214286,7842913.37,2.645187640348885,,1.0,726120.0157142858,2012,0,5008831.624285715,0.2033523317591755,0.1769860072375179,0.2017048289798973,1581953.5,-730749.9400000004,0,30,380799.57999999984,1765509.34,4
2012-12-31,5573749.22,1180019.8242857142,0.2084551931296726,3711376.0489285714,6511908.92,0.9748756996698528,,1.0,762944.6832142856,2012,0,5631735.734285714,0.2045736976273411,0.2117555422695727,0.2045157290068485,1331787.7999999998,-1331004.4500000002,1,31,698237.77,2315389.05,4
2013-01-01,5304546.99,1243346.5399999998,0.2074620809269853,3827746.055,5573749.22,0.1335612982791881,,0.8660254037844387,785561.3039285714,2013,1,5956931.822857142,0.2040483458667422,0.2156950786937023,0.2048037568507611,1141524.779999999,-938159.7000000002,0,1,1060578.0900000003,2382954.42,1
2013-01-02,1606940.44,1255903.497142857,0.2075782106647808,3932088.646785714,5304546.99,0.6146696329813404,,0.8660254037844387,808068.8178571428,2013,0,6012292.11,0.2040133092912092,0.1907292545365094,0.2165079868582708,1148476.79,-269202.2299999995,0,2,626587.7999999998,2286277.45,1
2013-01-03,2281680.01,1219168.4685714284,0.2131746531097104,3907826.610714286,1606940.44,-0.6782284703825592,,0.8660254037844387,805681.5978571428,2013,0,5772537.708571428,0.2054089087941197,0.2141886356011231,0.2299043516510169,369442.5999999999,-3697606.55,0,3,1069666.98,2733678.5,1
2013-01-04,2376895.46,1130579.8985714284,0.2107226416815011,3891683.8075,2281680.01,-0.7338733832317939,,0.8660254037844387,802127.5475,2013,0,5385057.465714286,0.2052722717581073,0.2205972828200551,0.1970245556036579,449546.98999999976,674739.5699999998,0,4,1891326.83,2065198.04,1
2013-01-05,2509462.77,922697.264285714,0.2054223130140429,3902815.8582142857,2376895.46,-0.6969371778232456,,0.8660254037844387,802280.2999999999,2013,0,4499804.915714285,0.2043571425983455,0.2017048289798973,0.1834949821478475,436148.3899999999,95215.4500000002,0,5,1581953.5,2087384.34,1
2013-01-06,2603356.52,772766.0585714284,0.2069174708883391,3917890.087857143,2509462.77,-0.6146348481176238,,0.8660254037844387,808152.4653571428,2013,0,3737883.401428571,0.2056381007437824,0.2045157290068485,0.2121709340999707,532435.06,132567.31000000006,0,6,1331787.7999999998,2430122.78,1
2013-01-07,3048100.39,660064.1957142856,0.207490763941102,3924077.007142857,2603356.52,-0.5329254300393514,,0.8660254037844387,808026.7153571427,2013,0,3179518.772857143,0.2050554549842394,0.2048037568507611,0.2085287803761891,542874.76,93893.75,0,7,1141524.779999999,2542389.69,1
2013-01-08,2449700.42,582072.5128571428,0.2061466288376989,3942138.103571429,3048100.39,-0.4253796986347367,,0.8660254037844387,810479.0685714285,2013,0,2818711.7971428568,0.2046319592017653,0.2165079868582708,0.1953948111269393,595583.0,444743.8700000001,0,8,1148476.79,3699430.17,1
2013-01-09,2049715.7,486078.44,0.2030056368150288,3897504.8982142857,2449700.42,0.5244500412224363,,0.8660254037844387,802556.6139285713,2013,0,2410876.5728571424,0.204837299745398,0.2299043516510169,0.1945210426995804,476518.28,-598399.9700000002,0,9,369442.5999999999,4386420.92,1
2013-01-10,2794331.46,489716.5257142857,0.1976857799422363,3814051.1403571432,2049715.7,-0.1016638218257431,,0.8660254037844387,786617.6914285714,2013,0,2474130.181428571,0.2048691537932559,0.1970245556036579,0.1926653535414691,394909.2,-399984.72,0,10,449546.98999999976,2326824.81,1
2013-01-11,2343077.25,521521.0114285714,0.2039038006349558,3830747.806428571,2794331.46,0.175622364140491,,0.8660254037844387,793206.9207142858,2013,0,2547366.1028571427,0.2059748814595375,0.1834949821478475,0.2405507004526944,672178.3900000001,744615.76,0,11,436148.3899999999,2659317.57,1
2013-01-12,2814596.53,535983.4014285716,0.210454538975817,3819453.509285714,2343077.25,-0.0663032430642515,,0.8660254037844387,792479.1832142856,2013,0,2542534.93,0.2066752909446253,0.2121709340999707,0.2293501505338759,537385.1200000001,-451254.21,0,12,532435.06,3385542.75,1
2013-01-13,2919719.62,541738.03,0.2092131474034018,3799062.5728571424,2814596.53,0.081141406633003,,0.8660254037844387,788201.7542857142,2013,0,2586125.467142857,0.2066374072535093,0.2085287803761891,0.2034811930930647,572717.46,471519.2799999998,0,13,542874.76,3484853.43,1
2013-01-14,3077677.28,555610.0214285714,0.2107364408627027,3778879.2225,2919719.62,-0.0421182879741044,,0.8660254037844387,783263.7882142857,2013,0,2631320.195714286,0.2064899288907113,0.1953948111269393,0.2191918345912955,639978.7000000002,105123.09000000032,0,14,595583.0,4281691.85,1
